model,trial,start_utc,end_utc,window_seconds_requested,window_seconds_actual,powermetrics_sample_interval_ms,powermetrics_requested_samples,parsed_samples,power_source,inferences,latency_ms_per_inference,mean_power_W,combined_power_W_mean,cpu_power_W_mean,gpu_power_W_mean,ane_power_W_mean,total_window_energy_J,energy_J_per_inference,warmup_trials,cooldown_seconds,raw_powermetrics_log,schedule_index
mobilenetv3_small,1,2026-05-16T19:31:28.097208+00:00,2026-05-16T19:31:49.508450+00:00,20.0,20.012456,1000,20,20,combined,1416,14.13309,5.2719,5.2719,5.2329,0.03915,0.0,105.503667224,0.07450824,10,10.0,measured_energy_powermetrics_m1/raw_powermetrics/001_mobilenetv3_small_repeat1.txt,1
efficientnet_b0,1,2026-05-16T19:32:00.055625+00:00,2026-05-16T19:32:21.293950+00:00,20.0,20.028702,1000,20,20,combined,415,48.261933,4.69305,4.69305,4.69295,0.0001,0.0,93.995700705,0.226495664,10,10.0,measured_energy_powermetrics_m1/raw_powermetrics/002_efficientnet_b0_repeat1.txt,2
mobilenetv2,1,2026-05-16T19:32:31.525066+00:00,2026-05-16T19:32:52.778406+00:00,20.0,20.007913,1000,20,20,combined,1215,16.467418,5.07575,5.07575,5.0756,0.00015,0.0,101.555162086,0.083584496,10,10.0,measured_energy_powermetrics_m1/raw_powermetrics/003_mobilenetv2_repeat1.txt,3
tiny_vit_5m,1,2026-05-16T19:33:03.182047+00:00,2026-05-16T19:33:24.445042+00:00,20.0,20.023733,1000,20,20,combined,620,32.296344,4.86105,4.86105,4.86095,0.0001,0.0,97.336368515,0.156994143,10,10.0,measured_energy_powermetrics_m1/raw_powermetrics/004_tiny_vit_5m_repeat1.txt,4
resnet18,1,2026-05-16T19:33:34.701545+00:00,2026-05-16T19:33:55.953491+00:00,20.0,20.009541,1000,20,20,combined,996,20.089901,4.6798,4.6798,4.6796,0.0001,0.00015,93.640650945,0.094016718,10,10.0,measured_energy_powermetrics_m1/raw_powermetrics/005_resnet18_repeat1.txt,5
mobilenetv3_small,2,2026-05-16T19:34:06.153945+00:00,2026-05-16T19:34:27.373195+00:00,20.0,20.007443,1000,20,20,combined,1496,13.37396,4.59285,4.59285,4.59275,0.0001,0.0,91.891186498,0.06142459,10,10.0,measured_energy_powermetrics_m1/raw_powermetrics/006_mobilenetv3_small_repeat2.txt,6
efficientnet_b0,2,2026-05-16T19:34:37.916821+00:00,2026-05-16T19:34:59.128144+00:00,20.0,20.021401,1000,20,20,combined,415,48.244341,4.69145,4.69145,4.69095,0.000525,0.0,93.929403875,0.226335913,10,10.0,measured_energy_powermetrics_m1/raw_powermetrics/007_efficientnet_b0_repeat2.txt,7
tiny_vit_5m,2,2026-05-16T19:35:09.517860+00:00,2026-05-16T19:35:30.756410+00:00,20.0,20.012095,1000,20,20,combined,666,30.048191,5.07175,5.07175,5.07165,0.0001,0.0,101.49634239,0.15239691,10,10.0,measured_energy_powermetrics_m1/raw_powermetrics/008_tiny_vit_5m_repeat2.txt,8
resnet18,2,2026-05-16T19:35:41.030142+00:00,2026-05-16T19:36:02.282655+00:00,20.0,20.000322,1000,20,20,combined,1011,19.782713,4.71005,4.71005,4.70995,0.0001,0.0,94.202518402,0.093177565,10,10.0,measured_energy_powermetrics_m1/raw_powermetrics/009_resnet18_repeat2.txt,9
mobilenetv2,2,2026-05-16T19:36:12.513069+00:00,2026-05-16T19:36:33.748706+00:00,20.0,20.015479,1000,20,20,combined,1214,16.487215,5.06275,5.06275,5.06265,0.0001,0.0,101.333366095,0.083470648,10,10.0,measured_energy_powermetrics_m1/raw_powermetrics/010_mobilenetv2_repeat2.txt,10
mobilenetv3_small,3,2026-05-16T19:36:43.945367+00:00,2026-05-16T19:37:05.202000+00:00,20.0,20.003195,1000,20,20,combined,1372,14.579588,6.4988,6.4988,6.49735,0.0008,0.00065,129.996762581,0.094749827,10,10.0,measured_energy_powermetrics_m1/raw_powermetrics/011_mobilenetv3_small_repeat3.txt,11
tiny_vit_5m,3,2026-05-16T19:37:15.596133+00:00,2026-05-16T19:37:36.874091+00:00,20.0,20.021619,1000,20,20,combined,637,31.431113,5.279,5.279,5.2789,0.0001,0.0,105.694127361,0.165924847,10,10.0,measured_energy_powermetrics_m1/raw_powermetrics/012_tiny_vit_5m_repeat3.txt,12
mobilenetv2,3,2026-05-16T19:37:47.115304+00:00,2026-05-16T19:38:08.372412+00:00,20.0,20.006423,1000,20,20,combined,1205,16.602841,5.10695,5.10695,5.10685,0.0001,0.0,102.171803431,0.084789878,10,10.0,measured_energy_powermetrics_m1/raw_powermetrics/013_mobilenetv2_repeat3.txt,13
efficientnet_b0,3,2026-05-16T19:38:18.928006+00:00,2026-05-16T19:38:40.153904+00:00,20.0,20.02212,1000,20,20,combined,413,48.47971,4.83915,4.83915,4.8389,0.00025,0.0,96.890042806,0.234600588,10,10.0,measured_energy_powermetrics_m1/raw_powermetrics/014_efficientnet_b0_repeat3.txt,14
resnet18,3,2026-05-16T19:38:50.438358+00:00,2026-05-16T19:39:11.700003+00:00,20.0,20.008895,1000,20,20,combined,967,20.691721,4.7719,4.7719,4.7717,0.0002,0.0,95.480444261,0.098738826,10,10.0,measured_energy_powermetrics_m1/raw_powermetrics/015_resnet18_repeat3.txt,15
efficientnet_b0,4,2026-05-16T19:39:22.255461+00:00,2026-05-16T19:39:43.483126+00:00,20.0,20.000235,1000,20,20,combined,412,48.544259,4.80035,4.80035,4.79785,0.0002,0.0023,96.008127482,0.233029436,10,10.0,measured_energy_powermetrics_m1/raw_powermetrics/016_efficientnet_b0_repeat4.txt,16
mobilenetv3_small,4,2026-05-16T19:39:53.685060+00:00,2026-05-16T19:40:14.935085+00:00,20.0,20.003466,1000,20,20,combined,1391,14.380637,4.50905,4.50905,4.50895,0.0001,0.0,90.196627051,0.06484301,10,10.0,measured_energy_powermetrics_m1/raw_powermetrics/017_mobilenetv3_small_repeat4.txt,17
resnet18,4,2026-05-16T19:40:25.217881+00:00,2026-05-16T19:40:46.481796+00:00,20.0,20.0127,1000,20,20,combined,962,20.803222,4.79475,4.79475,4.79465,0.0001,0.0,95.955893521,0.099746251,10,10.0,measured_energy_powermetrics_m1/raw_powermetrics/018_resnet18_repeat4.txt,18
mobilenetv2,4,2026-05-16T19:40:56.719480+00:00,2026-05-16T19:41:17.974156+00:00,20.0,20.000052,1000,20,20,combined,1198,16.694534,5.13095,5.13095,5.13085,0.0001,0.0,102.619264675,0.085658819,10,10.0,measured_energy_powermetrics_m1/raw_powermetrics/019_mobilenetv2_repeat4.txt,19
tiny_vit_5m,4,2026-05-16T19:41:28.379554+00:00,2026-05-16T19:41:49.641816+00:00,20.0,20.022102,1000,20,20,combined,608,32.931089,4.96035,4.96035,4.96025,0.0001,0.0,99.316632832,0.163349725,10,10.0,measured_energy_powermetrics_m1/raw_powermetrics/020_tiny_vit_5m_repeat4.txt,20
mobilenetv2,5,2026-05-16T19:42:00.569741+00:00,2026-05-16T19:42:21.827586+00:00,20.0,20.00878,1000,20,20,combined,1208,16.563559,5.0738,5.0738,5.0738,0.0,0.0,101.520546903,0.084040188,10,10.0,measured_energy_powermetrics_m1/raw_powermetrics/021_mobilenetv2_repeat5.txt,21
efficientnet_b0,5,2026-05-16T19:42:32.392038+00:00,2026-05-16T19:56:04.883844+00:00,20.0,20.048952,1000,20,20,combined,402,49.873015,5.24485,5.24485,5.12775,0.117025,0.0,105.153746988,0.261576485,10,10.0,measured_energy_powermetrics_m1/raw_powermetrics/022_efficientnet_b0_repeat5.txt,22
resnet18,5,2026-05-16T19:56:15.139535+00:00,2026-05-16T19:56:42.284658+00:00,20.0,20.010578,1000,20,20,combined,988,20.253622,3.3444,3.3444,3.34385,0.00055,0.0,66.923378454,0.067736213,10,10.0,measured_energy_powermetrics_m1/raw_powermetrics/023_resnet18_repeat5.txt,23
tiny_vit_5m,5,2026-05-16T19:56:52.671850+00:00,2026-05-16T19:57:13.957049+00:00,20.0,20.00793,1000,20,20,combined,611,32.746202,4.8343,4.8343,4.8341,0.0002,0.0,96.724334389,0.158304966,10,10.0,measured_energy_powermetrics_m1/raw_powermetrics/024_tiny_vit_5m_repeat5.txt,24
mobilenetv3_small,5,2026-05-16T19:57:24.145855+00:00,2026-05-16T19:57:45.410764+00:00,20.0,20.011169,1000,20,20,combined,1478,13.539357,4.56285,4.56285,4.5587,0.00415,0.0,91.307962664,0.061778053,10,10.0,measured_energy_powermetrics_m1/raw_powermetrics/025_mobilenetv3_small_repeat5.txt,25
tiny_vit_5m,6,2026-05-16T19:57:55.775767+00:00,2026-05-16T19:58:17.060027+00:00,20.0,20.012041,1000,20,20,combined,611,32.752932,4.82245,4.82245,4.82235,0.0001,0.0,96.507068726,0.157949376,10,10.0,measured_energy_powermetrics_m1/raw_powermetrics/026_tiny_vit_5m_repeat6.txt,26
efficientnet_b0,6,2026-05-16T19:58:27.592557+00:00,2026-05-16T19:58:48.829281+00:00,20.0,20.009887,1000,20,20,combined,417,47.985341,4.6783,4.6783,4.6782,0.0001,0.0,93.612254352,0.224489819,10,10.0,measured_energy_powermetrics_m1/raw_powermetrics/027_efficientnet_b0_repeat6.txt,27
mobilenetv3_small,6,2026-05-16T19:58:59.005393+00:00,2026-05-16T19:59:20.228329+00:00,20.0,20.010719,1000,20,20,combined,1474,13.575793,4.5792,4.5792,4.5745,0.0047,0.0,91.63308292,0.062166271,10,10.0,measured_energy_powermetrics_m1/raw_powermetrics/028_mobilenetv3_small_repeat6.txt,28
resnet18,6,2026-05-16T19:59:30.486814+00:00,2026-05-16T19:59:51.737320+00:00,20.0,20.019941,1000,20,20,combined,969,20.660414,4.66815,4.66815,4.66185,0.0063,0.0,93.456086412,0.09644591,10,10.0,measured_energy_powermetrics_m1/raw_powermetrics/029_resnet18_repeat6.txt,29
mobilenetv2,6,2026-05-16T20:00:01.950385+00:00,2026-05-16T20:00:23.187006+00:00,20.0,20.012289,1000,20,20,combined,1214,16.484587,5.06815,5.06815,5.0608,0.0074,0.0,101.425282075,0.083546361,10,10.0,measured_energy_powermetrics_m1/raw_powermetrics/030_mobilenetv2_repeat6.txt,30
efficientnet_b0,7,2026-05-16T20:00:33.714749+00:00,2026-05-16T20:00:54.924246+00:00,20.0,20.015041,1000,20,20,combined,417,47.997699,4.7084,4.7084,4.704,0.0044,0.0,94.238817086,0.225992367,10,10.0,measured_energy_powermetrics_m1/raw_powermetrics/031_efficientnet_b0_repeat7.txt,31
mobilenetv3_small,7,2026-05-16T20:01:05.113157+00:00,2026-05-16T20:01:26.331555+00:00,20.0,20.012217,1000,20,20,combined,1454,13.763561,4.5442,4.5442,4.54235,0.00185,0.0,90.939516682,0.062544372,10,10.0,measured_energy_powermetrics_m1/raw_powermetrics/032_mobilenetv3_small_repeat7.txt,32
resnet18,7,2026-05-16T20:01:36.576844+00:00,2026-05-16T20:01:57.825961+00:00,20.0,20.002808,1000,20,20,combined,969,20.642733,4.66475,4.66475,4.6604,0.0044,0.0,93.308098231,0.096293187,10,10.0,measured_energy_powermetrics_m1/raw_powermetrics/033_resnet18_repeat7.txt,33
tiny_vit_5m,7,2026-05-16T20:02:08.192285+00:00,2026-05-16T20:02:29.434957+00:00,20.0,20.016635,1000,20,20,combined,659,30.374256,5.068,5.068,5.0661,0.0019,0.0,101.44430618,0.153936732,10,10.0,measured_energy_powermetrics_m1/raw_powermetrics/034_tiny_vit_5m_repeat7.txt,34
mobilenetv2,7,2026-05-16T20:02:39.637475+00:00,2026-05-16T20:03:00.870511+00:00,20.0,20.008173,1000,20,20,combined,1213,16.494784,5.04945,5.04945,5.0451,0.00435,0.0,101.030270836,0.083289588,10,10.0,measured_energy_powermetrics_m1/raw_powermetrics/035_mobilenetv2_repeat7.txt,35
resnet18,8,2026-05-16T20:03:11.115500+00:00,2026-05-16T20:03:32.368247+00:00,20.0,20.002229,1000,20,20,combined,968,20.66346,4.66865,4.66865,4.6643,0.0044,0.0,93.383407588,0.096470462,10,10.0,measured_energy_powermetrics_m1/raw_powermetrics/036_resnet18_repeat8.txt,36
efficientnet_b0,8,2026-05-16T20:03:42.885431+00:00,2026-05-16T20:04:04.097707+00:00,20.0,20.025273,1000,20,20,combined,416,48.137676,4.69105,4.69105,4.69065,0.0004,0.0,93.93955769,0.225816244,10,10.0,measured_energy_powermetrics_m1/raw_powermetrics/037_efficientnet_b0_repeat8.txt,37
mobilenetv3_small,8,2026-05-16T20:04:14.296709+00:00,2026-05-16T20:04:35.514801+00:00,20.0,20.008176,1000,20,20,combined,1454,13.760781,4.53205,4.53205,4.53195,0.0001,0.0,90.67805366,0.062364549,10,10.0,measured_energy_powermetrics_m1/raw_powermetrics/038_mobilenetv3_small_repeat8.txt,38
tiny_vit_5m,8,2026-05-16T20:04:45.887461+00:00,2026-05-16T20:05:07.123932+00:00,20.0,20.010877,1000,20,20,combined,611,32.751027,4.85765,4.85765,4.85055,0.00715,0.0,97.205837669,0.159093024,10,10.0,measured_energy_powermetrics_m1/raw_powermetrics/039_tiny_vit_5m_repeat8.txt,39
mobilenetv2,8,2026-05-16T20:05:17.346726+00:00,2026-05-16T20:05:38.597303+00:00,20.0,20.009768,1000,20,20,combined,1207,16.578101,5.15335,5.15335,5.15325,0.0001,0.0,103.117339639,0.085432759,10,10.0,measured_energy_powermetrics_m1/raw_powermetrics/040_mobilenetv2_repeat8.txt,40
mobilenetv3_small,9,2026-05-16T20:05:48.789016+00:00,2026-05-16T20:06:10.021207+00:00,20.0,20.005918,1000,20,20,combined,1475,13.563334,4.71395,4.71395,4.7134,0.00055,0.0,94.306897156,0.063936879,10,10.0,measured_energy_powermetrics_m1/raw_powermetrics/041_mobilenetv3_small_repeat9.txt,41
efficientnet_b0,9,2026-05-16T20:06:20.565169+00:00,2026-05-16T20:06:41.796021+00:00,20.0,20.032079,1000,20,20,combined,415,48.270071,4.7504,4.7504,4.74975,0.00065,0.0,95.160389663,0.229302144,10,10.0,measured_energy_powermetrics_m1/raw_powermetrics/042_efficientnet_b0_repeat9.txt,42
tiny_vit_5m,9,2026-05-16T20:06:52.175450+00:00,2026-05-16T20:07:13.433743+00:00,20.0,20.019043,1000,20,20,combined,634,31.575777,4.962,4.962,4.9592,0.002775,0.0,99.334488885,0.156679005,10,10.0,measured_energy_powermetrics_m1/raw_powermetrics/043_tiny_vit_5m_repeat9.txt,43
resnet18,9,2026-05-16T20:07:23.676818+00:00,2026-05-16T20:07:44.947267+00:00,20.0,20.007203,1000,20,20,combined,968,20.668598,4.6887,4.6887,4.68665,0.00205,0.0,93.807771337,0.096908855,10,10.0,measured_energy_powermetrics_m1/raw_powermetrics/044_resnet18_repeat9.txt,44
mobilenetv2,9,2026-05-16T20:07:55.168330+00:00,2026-05-16T20:08:16.429351+00:00,20.0,20.007735,1000,20,20,combined,1213,16.494423,5.06815,5.06815,5.0613,0.0069,0.0,101.402204041,0.083596211,10,10.0,measured_energy_powermetrics_m1/raw_powermetrics/045_mobilenetv2_repeat9.txt,45
tiny_vit_5m,10,2026-05-16T20:08:26.796021+00:00,2026-05-16T20:08:48.059833+00:00,20.0,20.029605,1000,20,20,combined,611,32.781678,4.8419,4.8419,4.8418,0.0001,0.0,96.981346062,0.158725607,10,10.0,measured_energy_powermetrics_m1/raw_powermetrics/046_tiny_vit_5m_repeat10.txt,46
resnet18,10,2026-05-16T20:08:58.314284+00:00,2026-05-16T20:09:19.594913+00:00,20.0,20.008709,1000,20,20,combined,983,20.354739,4.66985,4.66985,4.668,0.0019,0.0,93.43766914,0.09505358,10,10.0,measured_energy_powermetrics_m1/raw_powermetrics/047_resnet18_repeat10.txt,47
mobilenetv3_small,10,2026-05-16T20:09:29.784823+00:00,2026-05-16T20:09:51.021371+00:00,20.0,20.011812,1000,20,20,combined,1474,13.576535,4.5602,4.5602,4.55945,0.00075,0.0,91.257865274,0.061911713,10,10.0,measured_energy_powermetrics_m1/raw_powermetrics/048_mobilenetv3_small_repeat10.txt,48
efficientnet_b0,10,2026-05-16T20:10:01.558109+00:00,2026-05-16T20:10:22.794103+00:00,20.0,20.014803,1000,20,20,combined,417,47.997129,4.6954,4.6954,4.69345,0.00195,0.0,93.977504442,0.225365718,10,10.0,measured_energy_powermetrics_m1/raw_powermetrics/049_efficientnet_b0_repeat10.txt,49
mobilenetv2,10,2026-05-16T20:10:33.020301+00:00,2026-05-16T20:10:54.276853+00:00,20.0,20.012749,1000,20,20,combined,1214,16.484966,5.0416,5.0416,5.0415,0.0001,0.0,100.896275565,0.083110606,10,10.0,measured_energy_powermetrics_m1/raw_powermetrics/050_mobilenetv2_repeat10.txt,50
