model,family,trial,start_utc,end_utc,window_seconds_requested,window_seconds_actual,powermetrics_sample_interval_ms,powermetrics_requested_samples,parsed_samples,power_source,inferences,latency_ms_per_inference,mean_power_W,combined_power_W_mean,cpu_power_W_mean,gpu_power_W_mean,ane_power_W_mean,total_window_energy_J,energy_J_per_inference,warmup_trials,cooldown_seconds,raw_powermetrics_log,schedule_index
depthwise_small,depthwise_cnn,1,2026-05-23T21:27:17.487876+00:00,2026-05-23T21:27:49.048495+00:00,30.0,30.00126,1000,30,30,combined,22711,1.321001,6.608067,6.608067,6.5746,0.033533,0.0,198.250328642,0.008729265,20,10.0,measured_energy_powermetrics_m4pro_arch17_cpu/raw_powermetrics/001_depthwise_small_repeat1.txt,1
bottleneck_residual,bottleneck_cnn,1,2026-05-23T21:27:59.139418+00:00,2026-05-23T21:28:30.660881+00:00,30.0,30.001822,1000,30,30,combined,8795,3.411236,6.744067,6.744067,6.733967,0.010217,0.0,202.334286563,0.023005604,20,10.0,measured_energy_powermetrics_m4pro_arch17_cpu/raw_powermetrics/002_bottleneck_residual_repeat1.txt,2
residual_cnn_medium,residual_cnn,1,2026-05-23T21:28:40.820190+00:00,2026-05-23T21:29:12.363928+00:00,30.0,30.004681,1000,30,30,combined,4614,6.502965,7.682533,7.682533,7.624933,0.0576,0.0,230.511958735,0.049959245,20,10.0,measured_energy_powermetrics_m4pro_arch17_cpu/raw_powermetrics/003_residual_cnn_medium_repeat1.txt,3
grouped_conv_cnn,grouped_cnn,1,2026-05-23T21:29:22.440989+00:00,2026-05-23T21:29:53.965448+00:00,30.0,30.001279,1000,30,30,combined,17190,1.745275,6.4513,6.4513,6.4259,0.025317,0.0,193.547250135,0.011259293,20,10.0,measured_energy_powermetrics_m4pro_arch17_cpu/raw_powermetrics/004_grouped_conv_cnn_repeat1.txt,4
cnn_small_4conv,plain_cnn,1,2026-05-23T21:30:04.023337+00:00,2026-05-23T21:30:35.558773+00:00,30.0,30.000509,1000,30,30,combined,22433,1.337338,8.725267,8.725267,8.504733,0.220517,0.0,261.762437522,0.011668633,20,10.0,measured_energy_powermetrics_m4pro_arch17_cpu/raw_powermetrics/005_cnn_small_4conv_repeat1.txt,5
attention_gate_cnn,attention_cnn,1,2026-05-23T21:30:45.646563+00:00,2026-05-23T21:31:17.177301+00:00,30.0,30.001168,1000,30,30,combined,12390,2.421402,7.254333,7.254333,7.0837,0.170483,0.0,217.638473663,0.017565656,20,10.0,measured_energy_powermetrics_m4pro_arch17_cpu/raw_powermetrics/006_attention_gate_cnn_repeat1.txt,6
inverted_residual_small,inverted_residual,1,2026-05-23T21:31:27.270526+00:00,2026-05-23T21:31:58.783092+00:00,30.0,30.000321,1000,30,30,combined,9038,3.319354,6.968167,6.968167,6.806833,0.161233,0.0,209.047238231,0.023129812,20,10.0,measured_energy_powermetrics_m4pro_arch17_cpu/raw_powermetrics/007_inverted_residual_small_repeat1.txt,7
convnext_micro,convnext_like,1,2026-05-23T21:32:08.961118+00:00,2026-05-23T21:32:40.540776+00:00,30.0,30.000965,1000,30,30,combined,4394,6.827712,6.2314,6.2314,6.1289,0.102267,0.0,186.948015121,0.042546203,20,10.0,measured_energy_powermetrics_m4pro_arch17_cpu/raw_powermetrics/008_convnext_micro_repeat1.txt,8
depthwise_medium,depthwise_cnn,1,2026-05-23T21:32:50.655256+00:00,2026-05-23T21:33:22.252281+00:00,30.0,30.001428,1000,30,30,combined,16001,1.874972,6.507467,6.507467,6.362467,0.144783,0.0,195.233292662,0.012201318,20,10.0,measured_energy_powermetrics_m4pro_arch17_cpu/raw_powermetrics/009_depthwise_medium_repeat1.txt,9
patch_mixer_small,mixer,1,2026-05-23T21:33:32.288367+00:00,2026-05-23T21:34:03.871911+00:00,30.0,30.000129,1000,30,30,combined,70825,0.423581,6.067133,6.067133,5.961033,0.105883,0.0,182.014781902,0.002569923,20,10.0,measured_energy_powermetrics_m4pro_arch17_cpu/raw_powermetrics/010_patch_mixer_small_repeat1.txt,10
cnn_tiny_2conv,plain_cnn,1,2026-05-23T21:34:13.916364+00:00,2026-05-23T21:34:45.446216+00:00,30.0,30.000759,1000,30,30,combined,39234,0.764662,6.109033,6.109033,6.003033,0.1059,0.0,183.275639811,0.004671347,20,10.0,measured_energy_powermetrics_m4pro_arch17_cpu/raw_powermetrics/011_cnn_tiny_2conv_repeat1.txt,11
patch_mixer_medium,mixer,1,2026-05-23T21:34:55.486428+00:00,2026-05-23T21:35:27.074988+00:00,30.0,30.00038,1000,30,30,combined,41059,0.730665,6.432,6.432,6.303667,0.128367,0.0,192.962442282,0.004699638,20,10.0,measured_energy_powermetrics_m4pro_arch17_cpu/raw_powermetrics/012_patch_mixer_medium_repeat1.txt,12
inverted_residual_wide,inverted_residual,1,2026-05-23T21:35:37.254056+00:00,2026-05-23T21:36:08.759537+00:00,30.0,30.003786,1000,30,30,combined,4461,6.725798,6.799367,6.799367,6.6871,0.11215,3.3e-05,204.006742402,0.045731168,20,10.0,measured_energy_powermetrics_m4pro_arch17_cpu/raw_powermetrics/013_inverted_residual_wide_repeat1.txt,13
cnn_medium_6conv,plain_cnn,1,2026-05-23T21:36:18.845362+00:00,2026-05-23T21:36:50.349620+00:00,30.0,30.002467,1000,30,30,combined,12544,2.391778,6.3071,6.3071,6.191733,0.1152,0.0,189.228556721,0.015085185,20,10.0,measured_energy_powermetrics_m4pro_arch17_cpu/raw_powermetrics/014_cnn_medium_6conv_repeat1.txt,14
global_avg_mlp_tiny,mlp,1,2026-05-23T21:37:00.363323+00:00,2026-05-23T21:37:32.028867+00:00,30.0,30.000029,1000,30,30,combined,1431957,0.02095,5.454367,5.454367,5.3435,0.110567,0.0,163.631160446,0.000114271,20,10.0,measured_energy_powermetrics_m4pro_arch17_cpu/raw_powermetrics/015_global_avg_mlp_tiny_repeat1.txt,15
squeeze_expand_cnn,squeeze_cnn,1,2026-05-23T21:37:42.137977+00:00,2026-05-23T21:38:13.650663+00:00,30.0,30.000717,1000,30,30,combined,9745,3.078575,6.315,6.315,6.208767,0.106083,0.0,189.45452759,0.019441203,20,10.0,measured_energy_powermetrics_m4pro_arch17_cpu/raw_powermetrics/016_squeeze_expand_cnn_repeat1.txt,16
residual_cnn_small,residual_cnn,1,2026-05-23T21:38:23.757502+00:00,2026-05-23T21:38:55.285064+00:00,30.0,30.000217,1000,30,30,combined,8557,3.505927,6.904767,6.904767,6.783633,0.121133,0.0,207.144495745,0.024207607,20,10.0,measured_energy_powermetrics_m4pro_arch17_cpu/raw_powermetrics/017_residual_cnn_small_repeat1.txt,17
cnn_tiny_2conv,plain_cnn,2,2026-05-23T21:39:05.328860+00:00,2026-05-23T21:39:36.838458+00:00,30.0,30.00024,1000,30,30,combined,39339,0.762608,6.005933,6.005933,5.899933,0.105933,0.0,180.179444427,0.004580173,20,10.0,measured_energy_powermetrics_m4pro_arch17_cpu/raw_powermetrics/018_cnn_tiny_2conv_repeat2.txt,18
cnn_medium_6conv,plain_cnn,2,2026-05-23T21:39:46.928607+00:00,2026-05-23T21:40:18.481587+00:00,30.0,30.001923,1000,30,30,combined,11619,2.582143,9.5855,9.5855,9.3264,0.2591,0.0,287.58343331,0.024751135,20,10.0,measured_energy_powermetrics_m4pro_arch17_cpu/raw_powermetrics/019_cnn_medium_6conv_repeat2.txt,19
depthwise_medium,depthwise_cnn,2,2026-05-23T21:40:28.549465+00:00,2026-05-23T21:41:00.212624+00:00,30.0,30.000751,1000,30,30,combined,15139,1.981686,8.526433,8.526433,8.422767,0.1037,0.0,255.79940122,0.016896717,20,10.0,measured_energy_powermetrics_m4pro_arch17_cpu/raw_powermetrics/020_depthwise_medium_repeat2.txt,20
attention_gate_cnn,attention_cnn,2,2026-05-23T21:41:10.291074+00:00,2026-05-23T21:41:41.827315+00:00,30.0,30.001283,1000,30,30,combined,12157,2.46782,8.3579,8.3579,8.222533,0.1355,0.0,250.747720403,0.020625789,20,10.0,measured_energy_powermetrics_m4pro_arch17_cpu/raw_powermetrics/021_attention_gate_cnn_repeat2.txt,21
patch_mixer_medium,mixer,2,2026-05-23T21:41:51.868170+00:00,2026-05-23T21:42:23.533220+00:00,30.0,30.000275,1000,30,30,combined,38821,0.772785,8.843633,8.843633,8.640633,0.202767,0.0,265.311431637,0.006834225,20,10.0,measured_energy_powermetrics_m4pro_arch17_cpu/raw_powermetrics/022_patch_mixer_medium_repeat2.txt,22
bottleneck_residual,bottleneck_cnn,2,2026-05-23T21:42:33.639449+00:00,2026-05-23T21:43:05.155561+00:00,30.0,30.003438,1000,30,30,combined,8390,3.576095,8.147867,8.147867,7.976567,0.171467,0.0,244.46401305,0.029137546,20,10.0,measured_energy_powermetrics_m4pro_arch17_cpu/raw_powermetrics/023_bottleneck_residual_repeat2.txt,23
residual_cnn_small,residual_cnn,2,2026-05-23T21:43:15.258303+00:00,2026-05-23T21:43:46.832462+00:00,30.0,30.002919,1000,30,30,combined,8481,3.537663,8.3764,8.3764,8.2135,0.162933,0.0,251.31644757,0.029632879,20,10.0,measured_energy_powermetrics_m4pro_arch17_cpu/raw_powermetrics/024_residual_cnn_small_repeat2.txt,24
residual_cnn_medium,residual_cnn,2,2026-05-23T21:43:57.002194+00:00,2026-05-23T21:44:28.567326+00:00,30.0,30.002807,1000,30,30,combined,4244,7.069464,5.061767,5.061767,5.0615,0.0003,0.0,151.867209644,0.03578398,20,10.0,measured_energy_powermetrics_m4pro_arch17_cpu/raw_powermetrics/025_residual_cnn_medium_repeat2.txt,25
inverted_residual_wide,inverted_residual,2,2026-05-23T21:44:38.741904+00:00,2026-05-23T21:45:10.259090+00:00,30.0,30.001491,1000,30,30,combined,4457,6.73132,6.548133,6.548133,6.499933,0.04815,0.0,196.453766541,0.044077578,20,10.0,measured_energy_powermetrics_m4pro_arch17_cpu/raw_powermetrics/026_inverted_residual_wide_repeat2.txt,26
convnext_micro,convnext_like,2,2026-05-23T21:45:20.437362+00:00,2026-05-23T21:45:52.030800+00:00,30.0,30.004108,1000,30,30,combined,4384,6.844003,6.251467,6.251467,6.2237,0.027783,0.0,187.569683632,0.042785056,20,10.0,measured_energy_powermetrics_m4pro_arch17_cpu/raw_powermetrics/027_convnext_micro_repeat2.txt,27
global_avg_mlp_tiny,mlp,2,2026-05-23T21:46:02.056230+00:00,2026-05-23T21:46:33.733919+00:00,30.0,30.000021,1000,30,30,combined,1258827,0.023832,8.459567,8.459567,7.774633,0.65675,0.028333,253.787174123,0.000201606,20,10.0,measured_energy_powermetrics_m4pro_arch17_cpu/raw_powermetrics/028_global_avg_mlp_tiny_repeat2.txt,28
inverted_residual_small,inverted_residual,2,2026-05-23T21:46:43.835111+00:00,2026-05-23T21:47:15.373315+00:00,30.0,30.001344,1000,30,30,combined,8655,3.46636,8.7628,8.7628,8.2955,0.459183,0.008133,262.895775381,0.030375017,20,10.0,measured_energy_powermetrics_m4pro_arch17_cpu/raw_powermetrics/029_inverted_residual_small_repeat2.txt,29
patch_mixer_small,mixer,2,2026-05-23T21:47:25.396222+00:00,2026-05-23T21:47:57.008521+00:00,30.0,30.000208,1000,30,30,combined,66250,0.452833,7.818733,7.818733,7.5018,0.317133,0.0,234.563623365,0.003540583,20,10.0,measured_energy_powermetrics_m4pro_arch17_cpu/raw_powermetrics/030_patch_mixer_small_repeat2.txt,30
depthwise_small,depthwise_cnn,2,2026-05-23T21:48:07.073013+00:00,2026-05-23T21:48:38.660523+00:00,30.0,30.001232,1000,30,30,combined,22944,1.307585,7.125267,7.125267,7.03,0.04,0.055367,213.766779518,0.009316892,20,10.0,measured_energy_powermetrics_m4pro_arch17_cpu/raw_powermetrics/031_depthwise_small_repeat2.txt,31
cnn_small_4conv,plain_cnn,2,2026-05-23T21:48:48.713498+00:00,2026-05-23T21:49:20.265465+00:00,30.0,30.00102,1000,30,30,combined,21962,1.366042,8.9038,8.9038,8.466467,0.4366,0.000833,267.123080763,0.012162967,20,10.0,measured_energy_powermetrics_m4pro_arch17_cpu/raw_powermetrics/032_cnn_small_4conv_repeat2.txt,32
squeeze_expand_cnn,squeeze_cnn,2,2026-05-23T21:49:30.368857+00:00,2026-05-23T21:50:01.908504+00:00,30.0,30.00296,1000,30,30,combined,9725,3.085137,6.153633,6.153633,6.110567,0.04305,0.0,184.627214755,0.018984804,20,10.0,measured_energy_powermetrics_m4pro_arch17_cpu/raw_powermetrics/033_squeeze_expand_cnn_repeat2.txt,33
grouped_conv_cnn,grouped_cnn,2,2026-05-23T21:50:11.982430+00:00,2026-05-23T21:50:43.539444+00:00,30.0,30.001283,1000,30,30,combined,17215,1.742741,6.231367,6.231367,6.190667,0.040117,0.0006,186.948996401,0.010859657,20,10.0,measured_energy_powermetrics_m4pro_arch17_cpu/raw_powermetrics/034_grouped_conv_cnn_repeat2.txt,34
patch_mixer_medium,mixer,3,2026-05-23T21:50:53.583392+00:00,2026-05-23T21:51:25.172986+00:00,30.0,30.000479,1000,30,30,combined,40954,0.732541,6.3277,6.3277,6.2697,0.05805,0.0,189.834029121,0.004635299,20,10.0,measured_energy_powermetrics_m4pro_arch17_cpu/raw_powermetrics/035_patch_mixer_medium_repeat3.txt,35
cnn_medium_6conv,plain_cnn,3,2026-05-23T21:51:35.258332+00:00,2026-05-23T21:52:06.781342+00:00,30.0,30.002319,1000,30,30,combined,12556,2.389481,5.824167,5.824167,5.810967,0.013267,0.0,174.73850891,0.013916734,20,10.0,measured_energy_powermetrics_m4pro_arch17_cpu/raw_powermetrics/036_cnn_medium_6conv_repeat3.txt,36
residual_cnn_small,residual_cnn,3,2026-05-23T21:52:16.888946+00:00,2026-05-23T21:52:48.429399+00:00,30.0,30.002679,1000,30,30,combined,8772,3.420278,8.064133,8.064133,7.912533,0.151717,0.0,241.94560516,0.027581578,20,10.0,measured_energy_powermetrics_m4pro_arch17_cpu/raw_powermetrics/037_residual_cnn_small_repeat3.txt,37
cnn_tiny_2conv,plain_cnn,3,2026-05-23T21:52:58.472556+00:00,2026-05-23T21:53:29.971589+00:00,30.0,30.000104,1000,30,30,combined,39081,0.767639,6.0916,6.0916,6.053967,0.037717,0.0,182.748633526,0.00467615,20,10.0,measured_energy_powermetrics_m4pro_arch17_cpu/raw_powermetrics/038_cnn_tiny_2conv_repeat3.txt,38
inverted_residual_wide,inverted_residual,3,2026-05-23T21:53:40.145286+00:00,2026-05-23T21:54:11.678321+00:00,30.0,30.001378,1000,30,30,combined,4479,6.698231,6.631733,6.631733,6.591267,0.04055,0.0,198.961138529,0.044420884,20,10.0,measured_energy_powermetrics_m4pro_arch17_cpu/raw_powermetrics/039_inverted_residual_wide_repeat3.txt,39
grouped_conv_cnn,grouped_cnn,3,2026-05-23T21:54:21.750019+00:00,2026-05-23T21:54:53.281758+00:00,30.0,30.000626,1000,30,30,combined,17137,1.750635,6.2602,6.2602,6.207567,0.0527,0.0,187.809919411,0.010959323,20,10.0,measured_energy_powermetrics_m4pro_arch17_cpu/raw_powermetrics/040_grouped_conv_cnn_repeat3.txt,40
depthwise_small,depthwise_cnn,3,2026-05-23T21:55:03.343388+00:00,2026-05-23T21:55:34.936579+00:00,30.0,30.000795,1000,30,30,combined,23116,1.297837,5.978167,5.978167,5.9318,0.046333,0.0,179.349753641,0.007758685,20,10.0,measured_energy_powermetrics_m4pro_arch17_cpu/raw_powermetrics/041_depthwise_small_repeat3.txt,41
attention_gate_cnn,attention_cnn,3,2026-05-23T21:55:45.018755+00:00,2026-05-23T21:56:16.537544+00:00,30.0,30.00161,1000,30,30,combined,12725,2.35769,6.385767,6.385767,6.3519,0.033933,0.0,191.583282681,0.015055661,20,10.0,measured_energy_powermetrics_m4pro_arch17_cpu/raw_powermetrics/042_attention_gate_cnn_repeat3.txt,42
inverted_residual_small,inverted_residual,3,2026-05-23T21:56:26.683612+00:00,2026-05-23T21:56:58.199012+00:00,30.0,30.003127,1000,30,30,combined,9097,3.298134,6.542567,6.542567,6.5127,0.03,0.0,196.297455609,0.021578263,20,10.0,measured_energy_powermetrics_m4pro_arch17_cpu/raw_powermetrics/043_inverted_residual_small_repeat3.txt,43
bottleneck_residual,bottleneck_cnn,3,2026-05-23T21:57:08.313730+00:00,2026-05-23T21:57:39.860501+00:00,30.0,30.001797,1000,30,30,combined,8768,3.421738,6.018567,6.018567,5.992633,0.025333,0.000633,180.567817621,0.020593957,20,10.0,measured_energy_powermetrics_m4pro_arch17_cpu/raw_powermetrics/044_bottleneck_residual_repeat3.txt,44
convnext_micro,convnext_like,3,2026-05-23T21:57:50.035780+00:00,2026-05-23T21:58:21.629299+00:00,30.0,30.006305,1000,30,30,combined,4450,6.74299,6.119033,6.119033,6.101433,0.0177,0.0,183.609583565,0.041260581,20,10.0,measured_energy_powermetrics_m4pro_arch17_cpu/raw_powermetrics/045_convnext_micro_repeat3.txt,45
residual_cnn_medium,residual_cnn,3,2026-05-23T21:58:31.793759+00:00,2026-05-23T21:59:03.337480+00:00,30.0,30.000826,1000,30,30,combined,4525,6.630017,6.373,6.373,6.330967,0.042067,0.0,191.195263034,0.042253097,20,10.0,measured_energy_powermetrics_m4pro_arch17_cpu/raw_powermetrics/046_residual_cnn_medium_repeat3.txt,46
cnn_small_4conv,plain_cnn,3,2026-05-23T21:59:13.399096+00:00,2026-05-23T21:59:44.956537+00:00,30.0,30.000133,1000,30,30,combined,23345,1.285077,6.188867,6.188867,6.129867,0.05915,0.0,185.666824666,0.007953173,20,10.0,measured_energy_powermetrics_m4pro_arch17_cpu/raw_powermetrics/047_cnn_small_4conv_repeat3.txt,47
depthwise_medium,depthwise_cnn,3,2026-05-23T21:59:55.034646+00:00,2026-05-23T22:00:26.630976+00:00,30.0,30.000908,1000,30,30,combined,16098,1.863642,5.9399,5.9399,5.8893,0.050683,0.0,178.202391944,0.011069847,20,10.0,measured_energy_powermetrics_m4pro_arch17_cpu/raw_powermetrics/048_depthwise_medium_repeat3.txt,48
squeeze_expand_cnn,squeeze_cnn,3,2026-05-23T22:00:36.736373+00:00,2026-05-23T22:01:08.253381+00:00,30.0,30.002724,1000,30,30,combined,9743,3.079413,6.462,6.462,6.404167,0.057883,0.0,193.877605719,0.019899169,20,10.0,measured_energy_powermetrics_m4pro_arch17_cpu/raw_powermetrics/049_squeeze_expand_cnn_repeat3.txt,49
global_avg_mlp_tiny,mlp,3,2026-05-23T22:01:18.268667+00:00,2026-05-23T22:01:49.928685+00:00,30.0,30.000024,1000,30,30,combined,1472213,0.020378,5.080367,5.080367,5.067033,0.013467,0.0,152.411120659,0.000103525,20,10.0,measured_energy_powermetrics_m4pro_arch17_cpu/raw_powermetrics/050_global_avg_mlp_tiny_repeat3.txt,50
patch_mixer_small,mixer,3,2026-05-23T22:01:59.962286+00:00,2026-05-23T22:02:31.585565+00:00,30.0,30.000217,1000,30,30,combined,70149,0.427664,5.991033,5.991033,5.960167,0.030883,0.0,179.73229731,0.002562151,20,10.0,measured_energy_powermetrics_m4pro_arch17_cpu/raw_powermetrics/051_patch_mixer_small_repeat3.txt,51
global_avg_mlp_tiny,mlp,4,2026-05-23T22:02:41.599007+00:00,2026-05-23T22:03:13.278000+00:00,30.0,30.000034,1000,30,30,combined,1393993,0.021521,5.716633,5.716633,5.663833,0.05285,0.0,171.499196749,0.000123027,20,10.0,measured_energy_powermetrics_m4pro_arch17_cpu/raw_powermetrics/052_global_avg_mlp_tiny_repeat4.txt,52
depthwise_medium,depthwise_cnn,4,2026-05-23T22:03:23.355793+00:00,2026-05-23T22:03:54.985650+00:00,30.0,30.00145,1000,30,30,combined,15071,1.990674,8.462067,8.462067,8.135967,0.326217,0.0,253.874267179,0.016845217,20,10.0,measured_energy_powermetrics_m4pro_arch17_cpu/raw_powermetrics/053_depthwise_medium_repeat4.txt,53
cnn_medium_6conv,plain_cnn,4,2026-05-23T22:04:05.078618+00:00,2026-05-23T22:04:36.599820+00:00,30.0,30.00217,1000,30,30,combined,12469,2.406141,6.1905,6.1905,6.097467,0.092883,0.0,185.72843029,0.014895215,20,10.0,measured_energy_powermetrics_m4pro_arch17_cpu/raw_powermetrics/054_cnn_medium_6conv_repeat4.txt,54
residual_cnn_small,residual_cnn,4,2026-05-23T22:04:46.710830+00:00,2026-05-23T22:05:18.250109+00:00,30.0,30.003014,1000,30,30,combined,8616,3.482244,5.7185,5.7185,5.650367,0.068083,0.0,171.572237703,0.019913212,20,10.0,measured_energy_powermetrics_m4pro_arch17_cpu/raw_powermetrics/055_residual_cnn_small_repeat4.txt,55
depthwise_small,depthwise_cnn,4,2026-05-23T22:05:28.314782+00:00,2026-05-23T22:05:59.907024+00:00,30.0,30.000758,1000,30,30,combined,23334,1.28571,6.039,6.039,5.9429,0.096167,0.000333,181.174577562,0.007764403,20,10.0,measured_energy_powermetrics_m4pro_arch17_cpu/raw_powermetrics/056_depthwise_small_repeat4.txt,56
grouped_conv_cnn,grouped_cnn,4,2026-05-23T22:06:09.984089+00:00,2026-05-23T22:06:41.511682+00:00,30.0,30.001149,1000,30,30,combined,17282,1.735977,6.1067,6.1067,6.013733,0.093133,0.0,183.208014308,0.010601089,20,10.0,measured_energy_powermetrics_m4pro_arch17_cpu/raw_powermetrics/057_grouped_conv_cnn_repeat4.txt,57
squeeze_expand_cnn,squeeze_cnn,4,2026-05-23T22:06:51.619919+00:00,2026-05-23T22:07:23.138461+00:00,30.0,30.001866,1000,30,30,combined,9819,3.055491,6.058467,6.058467,5.9937,0.06485,0.0,181.765307625,0.018511591,20,10.0,measured_energy_powermetrics_m4pro_arch17_cpu/raw_powermetrics/058_squeeze_expand_cnn_repeat4.txt,58
convnext_micro,convnext_like,4,2026-05-23T22:07:33.322725+00:00,2026-05-23T22:08:04.904012+00:00,30.0,30.000323,1000,30,30,combined,4431,6.770554,6.270933,6.270933,6.199933,0.0711,0.0,188.130022896,0.04245769,20,10.0,measured_energy_powermetrics_m4pro_arch17_cpu/raw_powermetrics/059_convnext_micro_repeat4.txt,59
bottleneck_residual,bottleneck_cnn,4,2026-05-23T22:08:15.019169+00:00,2026-05-23T22:08:46.536991+00:00,30.0,30.000861,1000,30,30,combined,8399,3.571956,7.538167,7.538167,7.338767,0.199317,0.0,226.151487535,0.026926002,20,10.0,measured_energy_powermetrics_m4pro_arch17_cpu/raw_powermetrics/060_bottleneck_residual_repeat4.txt,60
patch_mixer_small,mixer,4,2026-05-23T22:08:56.563190+00:00,2026-05-23T22:09:28.184238+00:00,30.0,30.00032,1000,30,30,combined,67650,0.443464,7.735033,7.735033,7.5964,0.1386,0.0,232.053474886,0.003430207,20,10.0,measured_energy_powermetrics_m4pro_arch17_cpu/raw_powermetrics/061_patch_mixer_small_repeat4.txt,61
cnn_tiny_2conv,plain_cnn,4,2026-05-23T22:09:38.234947+00:00,2026-05-23T22:10:09.734086+00:00,30.0,30.00051,1000,30,30,combined,38479,0.779659,7.2106,7.2106,7.127267,0.083283,0.0,216.321676505,0.005621811,20,10.0,measured_energy_powermetrics_m4pro_arch17_cpu/raw_powermetrics/062_cnn_tiny_2conv_repeat4.txt,62
residual_cnn_medium,residual_cnn,4,2026-05-23T22:10:19.910033+00:00,2026-05-23T22:10:51.465635+00:00,30.0,30.001753,1000,30,30,combined,4435,6.76477,5.962533,5.962533,5.9041,0.058533,0.0,178.886452816,0.040335164,20,10.0,measured_energy_powermetrics_m4pro_arch17_cpu/raw_powermetrics/063_residual_cnn_medium_repeat4.txt,63
cnn_small_4conv,plain_cnn,4,2026-05-23T22:11:01.521005+00:00,2026-05-23T22:11:33.079507+00:00,30.0,30.000941,1000,30,30,combined,23302,1.287484,6.450367,6.450367,6.3309,0.1198,0.0,193.517072749,0.008304741,20,10.0,measured_energy_powermetrics_m4pro_arch17_cpu/raw_powermetrics/064_cnn_small_4conv_repeat4.txt,64
attention_gate_cnn,attention_cnn,4,2026-05-23T22:11:43.165626+00:00,2026-05-23T22:12:14.686939+00:00,30.0,30.000021,1000,30,30,combined,12775,2.348338,5.903667,5.903667,5.852367,0.05175,0.0,177.110122749,0.013863806,20,10.0,measured_energy_powermetrics_m4pro_arch17_cpu/raw_powermetrics/065_attention_gate_cnn_repeat4.txt,65
inverted_residual_small,inverted_residual,4,2026-05-23T22:12:24.797698+00:00,2026-05-23T22:12:56.304576+00:00,30.0,30.003102,1000,30,30,combined,9228,3.251311,6.201767,6.201767,6.15,0.052,0.0,186.072239952,0.020163875,20,10.0,measured_energy_powermetrics_m4pro_arch17_cpu/raw_powermetrics/066_inverted_residual_small_repeat4.txt,66
inverted_residual_wide,inverted_residual,4,2026-05-23T22:13:06.491737+00:00,2026-05-23T22:13:38.010622+00:00,30.0,30.001213,1000,30,30,combined,4376,6.855853,7.5356,7.5356,7.455733,0.080083,0.0,226.07713849,0.051662966,20,10.0,measured_energy_powermetrics_m4pro_arch17_cpu/raw_powermetrics/067_inverted_residual_wide_repeat4.txt,67
patch_mixer_medium,mixer,4,2026-05-23T22:13:48.056342+00:00,2026-05-23T22:14:19.650006+00:00,30.0,30.000214,1000,30,30,combined,41995,0.714376,5.976567,5.976567,5.922867,0.05405,0.0,179.298276499,0.004269515,20,10.0,measured_energy_powermetrics_m4pro_arch17_cpu/raw_powermetrics/068_patch_mixer_medium_repeat4.txt,68
bottleneck_residual,bottleneck_cnn,5,2026-05-23T22:14:29.762091+00:00,2026-05-23T22:15:01.281053+00:00,30.0,30.000599,1000,30,30,combined,8687,3.453505,5.814567,5.814567,5.762833,0.052083,0.0,174.440484623,0.020080636,20,10.0,measured_energy_powermetrics_m4pro_arch17_cpu/raw_powermetrics/069_bottleneck_residual_repeat5.txt,69
inverted_residual_small,inverted_residual,5,2026-05-23T22:15:11.392143+00:00,2026-05-23T22:15:42.896291+00:00,30.0,30.000545,1000,30,30,combined,9176,3.269458,6.170067,6.170067,6.118533,0.051817,0.0,185.105361403,0.020172773,20,10.0,measured_energy_powermetrics_m4pro_arch17_cpu/raw_powermetrics/070_inverted_residual_small_repeat5.txt,70
cnn_small_4conv,plain_cnn,5,2026-05-23T22:15:52.960394+00:00,2026-05-23T22:16:24.449896+00:00,30.0,30.000766,1000,30,30,combined,23657,1.268156,5.951633,5.951633,5.895033,0.056683,0.0,178.553556219,0.007547599,20,10.0,measured_energy_powermetrics_m4pro_arch17_cpu/raw_powermetrics/071_cnn_small_4conv_repeat5.txt,71
residual_cnn_medium,residual_cnn,5,2026-05-23T22:16:34.624554+00:00,2026-05-23T22:17:06.154229+00:00,30.0,30.003844,1000,30,30,combined,4436,6.763716,6.117667,6.117667,6.058933,0.05895,0.0,183.553514017,0.041378159,20,10.0,measured_energy_powermetrics_m4pro_arch17_cpu/raw_powermetrics/072_residual_cnn_medium_repeat5.txt,72
inverted_residual_wide,inverted_residual,5,2026-05-23T22:17:16.331434+00:00,2026-05-23T22:17:47.843742+00:00,30.0,30.000267,1000,30,30,combined,4436,6.76291,6.250367,6.250367,6.190533,0.060033,0.0,187.512667023,0.042270664,20,10.0,measured_energy_powermetrics_m4pro_arch17_cpu/raw_powermetrics/073_inverted_residual_wide_repeat5.txt,73
patch_mixer_medium,mixer,5,2026-05-23T22:17:57.890626+00:00,2026-05-23T22:18:29.524676+00:00,30.0,30.000548,1000,30,30,combined,40963,0.732382,6.802367,6.802367,6.728033,0.0745,0.0,204.074727976,0.004981928,20,10.0,measured_energy_powermetrics_m4pro_arch17_cpu/raw_powermetrics/074_patch_mixer_medium_repeat5.txt,74
patch_mixer_small,mixer,5,2026-05-23T22:18:39.561290+00:00,2026-05-23T22:19:11.185051+00:00,30.0,30.000084,1000,30,30,combined,72089,0.416153,5.707267,5.707267,5.649267,0.058267,0.0,171.218480364,0.002375099,20,10.0,measured_energy_powermetrics_m4pro_arch17_cpu/raw_powermetrics/075_patch_mixer_small_repeat5.txt,75
global_avg_mlp_tiny,mlp,5,2026-05-23T22:19:21.203081+00:00,2026-05-23T22:19:52.874941+00:00,30.0,30.000033,1000,30,30,combined,1486453,0.020182,5.0212,5.0212,4.970733,0.05075,0.0,150.636167372,0.000101339,20,10.0,measured_energy_powermetrics_m4pro_arch17_cpu/raw_powermetrics/076_global_avg_mlp_tiny_repeat5.txt,76
cnn_tiny_2conv,plain_cnn,5,2026-05-23T22:20:02.923712+00:00,2026-05-23T22:20:34.413798+00:00,30.0,30.000691,1000,30,30,combined,38387,0.781533,8.2924,8.2924,8.1921,0.100617,0.0,248.777727627,0.006480781,20,10.0,measured_energy_powermetrics_m4pro_arch17_cpu/raw_powermetrics/077_cnn_tiny_2conv_repeat5.txt,77
grouped_conv_cnn,grouped_cnn,5,2026-05-23T22:20:44.489489+00:00,2026-05-23T22:21:16.011677+00:00,30.0,30.00028,1000,30,30,combined,16677,1.798901,8.214467,8.214467,8.0028,0.1824,0.029367,246.436297997,0.014777016,20,10.0,measured_energy_powermetrics_m4pro_arch17_cpu/raw_powermetrics/078_grouped_conv_cnn_repeat5.txt,78
squeeze_expand_cnn,squeeze_cnn,5,2026-05-23T22:21:26.110883+00:00,2026-05-23T22:21:57.648853+00:00,30.0,30.002925,1000,30,30,combined,9541,3.144631,7.275833,7.275833,7.100533,0.164433,0.011067,218.296280292,0.022879811,20,10.0,measured_energy_powermetrics_m4pro_arch17_cpu/raw_powermetrics/079_squeeze_expand_cnn_repeat5.txt,79
cnn_medium_6conv,plain_cnn,5,2026-05-23T22:22:07.741700+00:00,2026-05-23T22:22:39.253832+00:00,30.0,30.000014,1000,30,30,combined,12703,2.361648,5.667367,5.667367,5.6161,0.051617,0.0,170.021079814,0.013384325,20,10.0,measured_energy_powermetrics_m4pro_arch17_cpu/raw_powermetrics/080_cnn_medium_6conv_repeat5.txt,80
convnext_micro,convnext_like,5,2026-05-23T22:22:49.441710+00:00,2026-05-23T22:23:21.007160+00:00,30.0,30.001169,1000,30,30,combined,4292,6.990021,7.468467,7.468467,7.362533,0.10605,0.0,224.062731571,0.052204737,20,10.0,measured_energy_powermetrics_m4pro_arch17_cpu/raw_powermetrics/081_convnext_micro_repeat5.txt,81
depthwise_small,depthwise_cnn,5,2026-05-23T22:23:31.071172+00:00,2026-05-23T22:24:02.646852+00:00,30.0,30.000633,1000,30,30,combined,23006,1.304035,7.027467,7.027467,6.8997,0.128033,0.0,210.828445751,0.009164064,20,10.0,measured_energy_powermetrics_m4pro_arch17_cpu/raw_powermetrics/082_depthwise_small_repeat5.txt,82
depthwise_medium,depthwise_cnn,5,2026-05-23T22:24:12.722929+00:00,2026-05-23T22:24:44.308780+00:00,30.0,30.00127,1000,30,30,combined,16498,1.818479,5.4918,5.4918,5.490233,0.001567,0.0,164.760975272,0.009986724,20,10.0,measured_energy_powermetrics_m4pro_arch17_cpu/raw_powermetrics/083_depthwise_medium_repeat5.txt,83
residual_cnn_small,residual_cnn,5,2026-05-23T22:24:54.424305+00:00,2026-05-23T22:25:25.973694+00:00,30.0,30.002962,1000,30,30,combined,8865,3.384429,6.064767,6.064767,6.033267,0.03155,0.0,181.960961316,0.020525771,20,10.0,measured_energy_powermetrics_m4pro_arch17_cpu/raw_powermetrics/084_residual_cnn_small_repeat5.txt,84
attention_gate_cnn,attention_cnn,5,2026-05-23T22:25:36.061197+00:00,2026-05-23T22:26:07.574758+00:00,30.0,30.001595,1000,30,30,combined,12757,2.351775,6.275333,6.275333,6.2274,0.048017,0.0,188.270011767,0.014758173,20,10.0,measured_energy_powermetrics_m4pro_arch17_cpu/raw_powermetrics/085_attention_gate_cnn_repeat5.txt,85
cnn_tiny_2conv,plain_cnn,6,2026-05-23T22:26:17.623252+00:00,2026-05-23T22:26:49.136093+00:00,30.0,30.000714,1000,30,30,combined,39493,0.759646,5.880733,5.880733,5.879833,0.0009,0.0,176.42619982,0.004467278,20,10.0,measured_energy_powermetrics_m4pro_arch17_cpu/raw_powermetrics/086_cnn_tiny_2conv_repeat6.txt,86
patch_mixer_small,mixer,6,2026-05-23T22:26:59.174225+00:00,2026-05-23T22:27:30.800748+00:00,30.0,30.000292,1000,30,30,combined,72071,0.41626,5.662033,5.662033,5.647233,0.0149,0.0,169.862655669,0.002356879,20,10.0,measured_energy_powermetrics_m4pro_arch17_cpu/raw_powermetrics/087_patch_mixer_small_repeat6.txt,87
global_avg_mlp_tiny,mlp,6,2026-05-23T22:27:40.816698+00:00,2026-05-23T22:28:12.493445+00:00,30.0,30.000014,1000,30,30,combined,1465526,0.02047,5.069667,5.069667,5.0578,0.011933,0.0,152.090072243,0.000103778,20,10.0,measured_energy_powermetrics_m4pro_arch17_cpu/raw_powermetrics/088_global_avg_mlp_tiny_repeat6.txt,88
residual_cnn_small,residual_cnn,6,2026-05-23T22:28:22.604040+00:00,2026-05-23T22:28:54.144608+00:00,30.0,30.001563,1000,30,30,combined,8726,3.438181,5.8651,5.8651,5.8641,0.001067,0.0,175.96216911,0.020165273,20,10.0,measured_energy_powermetrics_m4pro_arch17_cpu/raw_powermetrics/089_residual_cnn_small_repeat6.txt,89
convnext_micro,convnext_like,6,2026-05-23T22:29:04.321029+00:00,2026-05-23T22:29:35.912884+00:00,30.0,30.004054,1000,30,30,combined,4402,6.816005,6.223067,6.223067,6.195433,0.027717,0.0,186.717231162,0.042416454,20,10.0,measured_energy_powermetrics_m4pro_arch17_cpu/raw_powermetrics/090_convnext_micro_repeat6.txt,90
bottleneck_residual,bottleneck_cnn,6,2026-05-23T22:29:46.020407+00:00,2026-05-23T22:30:17.543200+00:00,30.0,30.001547,1000,30,30,combined,8717,3.441728,6.1959,6.1959,6.159867,0.0361,0.0,185.886583769,0.021324605,20,10.0,measured_energy_powermetrics_m4pro_arch17_cpu/raw_powermetrics/091_bottleneck_residual_repeat6.txt,91
inverted_residual_wide,inverted_residual,6,2026-05-23T22:30:27.719972+00:00,2026-05-23T22:30:59.234865+00:00,30.0,30.003969,1000,30,30,combined,4503,6.663107,6.3024,6.3024,6.279467,0.022967,0.0,189.097016324,0.041993563,20,10.0,measured_energy_powermetrics_m4pro_arch17_cpu/raw_powermetrics/092_inverted_residual_wide_repeat6.txt,92
attention_gate_cnn,attention_cnn,6,2026-05-23T22:31:09.322194+00:00,2026-05-23T22:31:40.838223+00:00,30.0,30.00038,1000,30,30,combined,12968,2.313416,5.827033,5.827033,5.8147,0.012367,0.0,174.813216941,0.013480353,20,10.0,measured_energy_powermetrics_m4pro_arch17_cpu/raw_powermetrics/093_attention_gate_cnn_repeat6.txt,93
patch_mixer_medium,mixer,6,2026-05-23T22:31:50.886099+00:00,2026-05-23T22:32:22.473598+00:00,30.0,30.000469,1000,30,30,combined,41504,0.722833,6.135933,6.135933,6.110033,0.02595,0.0,184.080877753,0.004435256,20,10.0,measured_energy_powermetrics_m4pro_arch17_cpu/raw_powermetrics/094_patch_mixer_medium_repeat6.txt,94
inverted_residual_small,inverted_residual,6,2026-05-23T22:32:32.582962+00:00,2026-05-23T22:33:04.084563+00:00,30.0,30.002836,1000,30,30,combined,9177,3.269351,6.354867,6.354867,6.332933,0.02205,0.0,190.664022402,0.020776291,20,10.0,measured_energy_powermetrics_m4pro_arch17_cpu/raw_powermetrics/095_inverted_residual_small_repeat6.txt,95
cnn_small_4conv,plain_cnn,6,2026-05-23T22:33:14.145277+00:00,2026-05-23T22:33:45.639852+00:00,30.0,30.000072,1000,30,30,combined,23264,1.289549,6.396733,6.396733,6.3409,0.055983,0.0,191.902460034,0.008248902,20,10.0,measured_energy_powermetrics_m4pro_arch17_cpu/raw_powermetrics/096_cnn_small_4conv_repeat6.txt,96
depthwise_small,depthwise_cnn,6,2026-05-23T22:33:55.703766+00:00,2026-05-23T22:34:27.293830+00:00,30.0,30.000145,1000,30,30,combined,23383,1.28299,5.7899,5.7899,5.763867,0.026017,0.0,173.697839779,0.007428381,20,10.0,measured_energy_powermetrics_m4pro_arch17_cpu/raw_powermetrics/097_depthwise_small_repeat6.txt,97
grouped_conv_cnn,grouped_cnn,6,2026-05-23T22:34:37.369624+00:00,2026-05-23T22:35:08.904892+00:00,30.0,30.000239,1000,30,30,combined,17289,1.735221,6.0153,6.0153,5.975433,0.04005,0.0,180.460439912,0.010437876,20,10.0,measured_energy_powermetrics_m4pro_arch17_cpu/raw_powermetrics/098_grouped_conv_cnn_repeat6.txt,98
residual_cnn_medium,residual_cnn,6,2026-05-23T22:35:19.082154+00:00,2026-05-23T22:35:50.639648+00:00,30.0,30.005351,1000,30,30,combined,4331,6.928042,5.514767,5.514767,5.510767,0.0033,0.0007,165.472507675,0.038206536,20,10.0,measured_energy_powermetrics_m4pro_arch17_cpu/raw_powermetrics/099_residual_cnn_medium_repeat6.txt,99
squeeze_expand_cnn,squeeze_cnn,6,2026-05-23T22:36:00.746076+00:00,2026-05-23T22:36:32.266036+00:00,30.0,30.000406,1000,30,30,combined,9718,3.087097,6.640733,6.640733,6.582733,0.05805,0.0,199.22469392,0.020500586,20,10.0,measured_energy_powermetrics_m4pro_arch17_cpu/raw_powermetrics/100_squeeze_expand_cnn_repeat6.txt,100
depthwise_medium,depthwise_cnn,6,2026-05-23T22:36:42.342627+00:00,2026-05-23T22:37:13.952021+00:00,30.0,30.001357,1000,30,30,combined,16192,1.852851,5.833233,5.833233,5.817,0.0163,0.0,175.00491351,0.01080811,20,10.0,measured_energy_powermetrics_m4pro_arch17_cpu/raw_powermetrics/101_depthwise_medium_repeat6.txt,101
cnn_medium_6conv,plain_cnn,6,2026-05-23T22:37:24.043632+00:00,2026-05-23T22:37:55.552403+00:00,30.0,30.0007,1000,30,30,combined,12586,2.383656,5.829533,5.829533,5.815833,0.013817,0.0,174.890079945,0.013895605,20,10.0,measured_energy_powermetrics_m4pro_arch17_cpu/raw_powermetrics/102_cnn_medium_6conv_repeat6.txt,102
squeeze_expand_cnn,squeeze_cnn,7,2026-05-23T22:38:05.660464+00:00,2026-05-23T22:38:37.185735+00:00,30.0,30.002265,1000,30,30,combined,9790,3.064583,6.204767,6.204767,6.203867,0.0009,0.0,186.157056123,0.019015021,20,10.0,measured_energy_powermetrics_m4pro_arch17_cpu/raw_powermetrics/103_squeeze_expand_cnn_repeat7.txt,103
residual_cnn_medium,residual_cnn,7,2026-05-23T22:38:47.356242+00:00,2026-05-23T22:39:18.892223+00:00,30.0,30.003132,1000,30,30,combined,4300,6.977473,5.407967,5.407967,5.406967,0.001067,0.0,162.255936627,0.037733939,20,10.0,measured_energy_powermetrics_m4pro_arch17_cpu/raw_powermetrics/104_residual_cnn_medium_repeat7.txt,104
residual_cnn_small,residual_cnn,7,2026-05-23T22:39:29.042839+00:00,2026-05-23T22:40:00.579696+00:00,30.0,30.001323,1000,30,30,combined,8885,3.376626,6.277633,6.277633,6.261367,0.016267,0.0,188.337306878,0.021197221,20,10.0,measured_energy_powermetrics_m4pro_arch17_cpu/raw_powermetrics/105_residual_cnn_small_repeat7.txt,105
cnn_tiny_2conv,plain_cnn,7,2026-05-23T22:40:10.624385+00:00,2026-05-23T22:40:42.112839+00:00,30.0,30.000761,1000,30,30,combined,39374,0.761943,5.935167,5.935167,5.919767,0.015467,0.0,178.059517404,0.004522261,20,10.0,measured_energy_powermetrics_m4pro_arch17_cpu/raw_powermetrics/106_cnn_tiny_2conv_repeat7.txt,106
grouped_conv_cnn,grouped_cnn,7,2026-05-23T22:40:52.183833+00:00,2026-05-23T22:41:23.725407+00:00,30.0,30.001386,1000,30,30,combined,17029,1.761782,6.436333,6.436333,6.3771,0.0593,0.0,193.098918608,0.011339416,20,10.0,measured_energy_powermetrics_m4pro_arch17_cpu/raw_powermetrics/107_grouped_conv_cnn_repeat7.txt,107
cnn_small_4conv,plain_cnn,7,2026-05-23T22:41:33.785947+00:00,2026-05-23T22:42:05.303222+00:00,30.0,30.000609,1000,30,30,combined,23765,1.262386,5.814133,5.814133,5.813067,0.0011,0.0,174.427538144,0.007339682,20,10.0,measured_energy_powermetrics_m4pro_arch17_cpu/raw_powermetrics/108_cnn_small_4conv_repeat7.txt,108
inverted_residual_wide,inverted_residual,7,2026-05-23T22:42:15.474161+00:00,2026-05-23T22:42:46.979231+00:00,30.0,30.007246,1000,30,30,combined,4518,6.64171,6.3004,6.3004,6.280667,0.019733,0.0,189.057654009,0.04184543,20,10.0,measured_energy_powermetrics_m4pro_arch17_cpu/raw_powermetrics/109_inverted_residual_wide_repeat7.txt,109
patch_mixer_small,mixer,7,2026-05-23T22:42:57.005597+00:00,2026-05-23T22:43:28.624367+00:00,30.0,30.000367,1000,30,30,combined,69030,0.434599,6.278033,6.278033,6.2052,0.0729,0.0,188.343302732,0.002728427,20,10.0,measured_energy_powermetrics_m4pro_arch17_cpu/raw_powermetrics/110_patch_mixer_small_repeat7.txt,110
attention_gate_cnn,attention_cnn,7,2026-05-23T22:43:38.712821+00:00,2026-05-23T22:44:10.227657+00:00,30.0,30.001398,1000,30,30,combined,12659,2.369966,6.763867,6.763867,6.7181,0.045817,0.0,202.925456163,0.016030133,20,10.0,measured_energy_powermetrics_m4pro_arch17_cpu/raw_powermetrics/111_attention_gate_cnn_repeat7.txt,111
depthwise_medium,depthwise_cnn,7,2026-05-23T22:44:20.305131+00:00,2026-05-23T22:44:51.916280+00:00,30.0,30.001569,1000,30,30,combined,15868,1.890696,6.254067,6.254067,6.166867,0.08735,0.0,187.631814194,0.011824541,20,10.0,measured_energy_powermetrics_m4pro_arch17_cpu/raw_powermetrics/112_depthwise_medium_repeat7.txt,112
convnext_micro,convnext_like,7,2026-05-23T22:45:02.094904+00:00,2026-05-23T22:45:33.689547+00:00,30.0,30.00357,1000,30,30,combined,4472,6.709206,6.301867,6.301867,6.297933,0.003933,0.0,189.078498716,0.042280523,20,10.0,measured_energy_powermetrics_m4pro_arch17_cpu/raw_powermetrics/113_convnext_micro_repeat7.txt,113
bottleneck_residual,bottleneck_cnn,7,2026-05-23T22:45:43.805638+00:00,2026-05-23T22:46:15.319182+00:00,30.0,30.002654,1000,30,30,combined,8834,3.396271,5.695933,5.695933,5.694867,0.001067,0.0,170.893117007,0.019344931,20,10.0,measured_energy_powermetrics_m4pro_arch17_cpu/raw_powermetrics/114_bottleneck_residual_repeat7.txt,114
cnn_medium_6conv,plain_cnn,7,2026-05-23T22:46:25.404489+00:00,2026-05-23T22:46:56.922314+00:00,30.0,30.002239,1000,30,30,combined,12801,2.343742,5.525233,5.525233,5.524333,0.000933,0.0,165.769368235,0.01294972,20,10.0,measured_energy_powermetrics_m4pro_arch17_cpu/raw_powermetrics/115_cnn_medium_6conv_repeat7.txt,115
patch_mixer_medium,mixer,7,2026-05-23T22:47:06.966132+00:00,2026-05-23T22:47:38.534832+00:00,30.0,30.000657,1000,30,30,combined,42540,0.705234,5.747133,5.747133,5.7462,0.000967,0.0,172.417776108,0.004053074,20,10.0,measured_energy_powermetrics_m4pro_arch17_cpu/raw_powermetrics/116_patch_mixer_medium_repeat7.txt,116
global_avg_mlp_tiny,mlp,7,2026-05-23T22:47:48.550066+00:00,2026-05-23T22:48:20.210258+00:00,30.0,30.00006,1000,30,30,combined,1474790,0.020342,5.0952,5.0952,5.094,0.001233,0.0,152.856304866,0.000103646,20,10.0,measured_energy_powermetrics_m4pro_arch17_cpu/raw_powermetrics/117_global_avg_mlp_tiny_repeat7.txt,117
inverted_residual_small,inverted_residual,7,2026-05-23T22:48:30.325898+00:00,2026-05-23T22:49:01.997825+00:00,30.0,30.002709,1000,30,30,combined,9204,3.259747,6.062267,6.062267,6.0612,0.001067,0.0,181.884421668,0.019761454,20,10.0,measured_energy_powermetrics_m4pro_arch17_cpu/raw_powermetrics/118_inverted_residual_small_repeat7.txt,118
depthwise_small,depthwise_cnn,7,2026-05-23T22:49:12.059392+00:00,2026-05-23T22:49:43.665395+00:00,30.0,30.00065,1000,30,30,combined,23783,1.261433,5.5052,5.5052,5.500133,0.00505,0.0,165.159579068,0.006944438,20,10.0,measured_energy_powermetrics_m4pro_arch17_cpu/raw_powermetrics/119_depthwise_small_repeat7.txt,119
global_avg_mlp_tiny,mlp,8,2026-05-23T22:49:53.681674+00:00,2026-05-23T22:50:25.365006+00:00,30.0,30.000067,1000,30,30,combined,1435259,0.020902,5.2489,5.2489,5.222,0.027,0.0,157.467353204,0.000109714,20,10.0,measured_energy_powermetrics_m4pro_arch17_cpu/raw_powermetrics/120_global_avg_mlp_tiny_repeat8.txt,120
bottleneck_residual,bottleneck_cnn,8,2026-05-23T22:50:35.487389+00:00,2026-05-23T22:51:07.042049+00:00,30.0,30.00278,1000,30,30,combined,8806,3.407084,6.350367,6.350367,6.3339,0.016467,0.0,190.528655867,0.021636232,20,10.0,measured_energy_powermetrics_m4pro_arch17_cpu/raw_powermetrics/121_bottleneck_residual_repeat8.txt,121
residual_cnn_small,residual_cnn,8,2026-05-23T22:51:17.152196+00:00,2026-05-23T22:51:48.687445+00:00,30.0,30.003332,1000,30,30,combined,9080,3.304332,5.857733,5.857733,5.8568,0.000933,0.0,175.751516263,0.019355894,20,10.0,measured_energy_powermetrics_m4pro_arch17_cpu/raw_powermetrics/122_residual_cnn_small_repeat8.txt,122
depthwise_small,depthwise_cnn,8,2026-05-23T22:51:58.754627+00:00,2026-05-23T22:52:30.338765+00:00,30.0,30.001228,1000,30,30,combined,23643,1.268926,5.6914,5.6914,5.683233,0.008167,0.0,170.748989278,0.007221968,20,10.0,measured_energy_powermetrics_m4pro_arch17_cpu/raw_powermetrics/123_depthwise_small_repeat8.txt,123
inverted_residual_small,inverted_residual,8,2026-05-23T22:52:40.450846+00:00,2026-05-23T22:53:11.953226+00:00,30.0,30.000222,1000,30,30,combined,9033,3.32118,7.516033,7.516033,7.399933,0.116233,0.0,225.482670438,0.024962102,20,10.0,measured_energy_powermetrics_m4pro_arch17_cpu/raw_powermetrics/124_inverted_residual_small_repeat8.txt,124
depthwise_medium,depthwise_cnn,8,2026-05-23T22:53:22.038094+00:00,2026-05-23T22:53:53.639994+00:00,30.0,30.000929,1000,30,30,combined,15768,1.902646,6.8666,6.8666,6.7827,0.083867,0.0,206.004379641,0.013064712,20,10.0,measured_energy_powermetrics_m4pro_arch17_cpu/raw_powermetrics/125_depthwise_medium_repeat8.txt,125
patch_mixer_small,mixer,8,2026-05-23T22:54:03.675971+00:00,2026-05-23T22:54:35.261898+00:00,30.0,30.000062,1000,30,30,combined,70804,0.423706,6.173167,6.173167,6.146367,0.026783,0.0,185.195381452,0.002615606,20,10.0,measured_energy_powermetrics_m4pro_arch17_cpu/raw_powermetrics/126_patch_mixer_small_repeat8.txt,126
inverted_residual_wide,inverted_residual,8,2026-05-23T22:54:45.457063+00:00,2026-05-23T22:55:17.038602+00:00,30.0,30.005557,1000,30,30,combined,4398,6.822546,7.3991,7.3991,7.324033,0.075017,0.0,222.014118959,0.0504807,20,10.0,measured_energy_powermetrics_m4pro_arch17_cpu/raw_powermetrics/127_inverted_residual_wide_repeat8.txt,127
attention_gate_cnn,attention_cnn,8,2026-05-23T22:55:27.120662+00:00,2026-05-23T22:55:58.684381+00:00,30.0,30.001674,1000,30,30,combined,12238,2.451518,7.8224,7.8224,7.626633,0.195633,0.0,234.685096653,0.019176752,20,10.0,measured_energy_powermetrics_m4pro_arch17_cpu/raw_powermetrics/128_attention_gate_cnn_repeat8.txt,128
grouped_conv_cnn,grouped_cnn,8,2026-05-23T22:56:08.758947+00:00,2026-05-23T22:56:40.289026+00:00,30.0,30.000505,1000,30,30,combined,17231,1.741077,6.252867,6.252867,6.120433,0.1323,0.0,187.589160042,0.010886725,20,10.0,measured_energy_powermetrics_m4pro_arch17_cpu/raw_powermetrics/129_grouped_conv_cnn_repeat8.txt,129
residual_cnn_medium,residual_cnn,8,2026-05-23T22:56:50.477347+00:00,2026-05-23T22:57:22.027440+00:00,30.0,30.005324,1000,30,30,combined,4362,6.8788,6.016,6.016,5.969733,0.04615,0.0,180.512031187,0.041382859,20,10.0,measured_energy_powermetrics_m4pro_arch17_cpu/raw_powermetrics/130_residual_cnn_medium_repeat8.txt,130
convnext_micro,convnext_like,8,2026-05-23T22:57:32.216949+00:00,2026-05-23T22:58:03.807252+00:00,30.0,30.001327,1000,30,30,combined,4383,6.84493,6.5701,6.5701,6.500933,0.069033,0.0,197.111716611,0.044971872,20,10.0,measured_energy_powermetrics_m4pro_arch17_cpu/raw_powermetrics/131_convnext_micro_repeat8.txt,131
squeeze_expand_cnn,squeeze_cnn,8,2026-05-23T22:58:13.919602+00:00,2026-05-23T22:58:45.464711+00:00,30.0,30.000672,1000,30,30,combined,9573,3.133884,6.270767,6.270767,6.224467,0.046117,0.0,188.127212914,0.019651856,20,10.0,measured_energy_powermetrics_m4pro_arch17_cpu/raw_powermetrics/132_squeeze_expand_cnn_repeat8.txt,132
cnn_medium_6conv,plain_cnn,8,2026-05-23T22:58:55.561066+00:00,2026-05-23T22:59:27.079532+00:00,30.0,30.000499,1000,30,30,combined,12644,2.372706,5.708333,5.708333,5.662133,0.046067,0.0,171.252847031,0.013544199,20,10.0,measured_energy_powermetrics_m4pro_arch17_cpu/raw_powermetrics/133_cnn_medium_6conv_repeat8.txt,133
cnn_tiny_2conv,plain_cnn,8,2026-05-23T22:59:37.134151+00:00,2026-05-23T23:00:08.625877+00:00,30.0,30.000513,1000,30,30,combined,37988,0.789737,7.503233,7.503233,7.4056,0.097717,0.0,225.100847591,0.005925578,20,10.0,measured_energy_powermetrics_m4pro_arch17_cpu/raw_powermetrics/134_cnn_tiny_2conv_repeat8.txt,134
patch_mixer_medium,mixer,8,2026-05-23T23:00:18.675524+00:00,2026-05-23T23:00:50.350264+00:00,30.0,30.000097,1000,30,30,combined,37676,0.796265,9.7912,9.7912,9.284833,0.50625,0.0,293.736950569,0.007796394,20,10.0,measured_energy_powermetrics_m4pro_arch17_cpu/raw_powermetrics/135_patch_mixer_medium_repeat8.txt,135
cnn_small_4conv,plain_cnn,8,2026-05-23T23:01:00.435239+00:00,2026-05-23T23:01:32.099375+00:00,30.0,30.001241,1000,30,30,combined,21577,1.390427,10.263567,10.263567,9.691,0.572617,0.0,307.919732817,0.014270739,20,10.0,measured_energy_powermetrics_m4pro_arch17_cpu/raw_powermetrics/136_cnn_small_4conv_repeat8.txt,136
patch_mixer_medium,mixer,9,2026-05-23T23:01:42.147044+00:00,2026-05-23T23:02:13.738294+00:00,30.0,30.000634,1000,30,30,combined,38698,0.77525,9.094,9.094,8.5372,0.556767,0.0,272.825765214,0.007050126,20,10.0,measured_energy_powermetrics_m4pro_arch17_cpu/raw_powermetrics/137_patch_mixer_medium_repeat9.txt,137
inverted_residual_wide,inverted_residual,9,2026-05-23T23:02:23.927004+00:00,2026-05-23T23:02:55.523275+00:00,30.0,30.006477,1000,30,30,combined,3974,7.550699,11.452467,11.452467,10.8128,0.63965,0.0,343.648174763,0.086474126,20,10.0,measured_energy_powermetrics_m4pro_arch17_cpu/raw_powermetrics/138_inverted_residual_wide_repeat9.txt,138
depthwise_small,depthwise_cnn,9,2026-05-23T23:03:05.590127+00:00,2026-05-23T23:03:37.211185+00:00,30.0,30.000603,1000,30,30,combined,23380,1.283174,6.2789,6.2789,6.1905,0.088533,0.0,188.370789316,0.00805692,20,10.0,measured_energy_powermetrics_m4pro_arch17_cpu/raw_powermetrics/139_depthwise_small_repeat9.txt,139
cnn_tiny_2conv,plain_cnn,9,2026-05-23T23:03:47.264003+00:00,2026-05-23T23:04:18.789171+00:00,30.0,30.000212,1000,30,30,combined,39255,0.764239,6.0747,6.0747,6.023233,0.0517,0.0,182.24228961,0.004642524,20,10.0,measured_energy_powermetrics_m4pro_arch17_cpu/raw_powermetrics/140_cnn_tiny_2conv_repeat9.txt,140
global_avg_mlp_tiny,mlp,9,2026-05-23T23:04:28.806727+00:00,2026-05-23T23:05:00.525574+00:00,30.0,30.000024,1000,30,30,combined,1472060,0.02038,5.160767,5.160767,5.1029,0.058017,0.0,154.823121923,0.000105174,20,10.0,measured_energy_powermetrics_m4pro_arch17_cpu/raw_powermetrics/141_global_avg_mlp_tiny_repeat9.txt,141
squeeze_expand_cnn,squeeze_cnn,9,2026-05-23T23:05:10.634645+00:00,2026-05-23T23:05:42.203271+00:00,30.0,30.001083,1000,30,30,combined,9646,3.11021,6.172733,6.172733,6.119533,0.052583,0.000767,185.188685329,0.019198495,20,10.0,measured_energy_powermetrics_m4pro_arch17_cpu/raw_powermetrics/142_squeeze_expand_cnn_repeat9.txt,142
grouped_conv_cnn,grouped_cnn,9,2026-05-23T23:05:52.275217+00:00,2026-05-23T23:06:23.799838+00:00,30.0,30.000388,1000,30,30,combined,17508,1.713525,5.778133,5.778133,5.777467,0.000667,0.0,173.346244083,0.009900974,20,10.0,measured_energy_powermetrics_m4pro_arch17_cpu/raw_powermetrics/143_grouped_conv_cnn_repeat9.txt,143
cnn_small_4conv,plain_cnn,9,2026-05-23T23:06:33.855447+00:00,2026-05-23T23:07:05.414446+00:00,30.0,30.001157,1000,30,30,combined,22992,1.304852,8.045033,8.045033,7.750267,0.258767,0.0361,241.360305417,0.010497578,20,10.0,measured_energy_powermetrics_m4pro_arch17_cpu/raw_powermetrics/144_cnn_small_4conv_repeat9.txt,144
bottleneck_residual,bottleneck_cnn,9,2026-05-23T23:07:15.523471+00:00,2026-05-23T23:07:47.067424+00:00,30.0,30.001049,1000,30,30,combined,8600,3.488494,6.559067,6.559067,6.459067,0.0858,0.014333,196.778880461,0.022881265,20,10.0,measured_energy_powermetrics_m4pro_arch17_cpu/raw_powermetrics/145_bottleneck_residual_repeat9.txt,145
convnext_micro,convnext_like,9,2026-05-23T23:07:57.253999+00:00,2026-05-23T23:08:28.890299+00:00,30.0,30.001371,1000,30,30,combined,4388,6.83714,6.300667,6.300667,6.247967,0.05205,0.0007,189.028640054,0.043078541,20,10.0,measured_energy_powermetrics_m4pro_arch17_cpu/raw_powermetrics/146_convnext_micro_repeat9.txt,146
patch_mixer_small,mixer,9,2026-05-23T23:08:38.928419+00:00,2026-05-23T23:09:10.516200+00:00,30.0,30.000475,1000,30,30,combined,68220,0.439761,7.3469,7.3469,7.125367,0.1684,0.0533,220.410489476,0.003230878,20,10.0,measured_energy_powermetrics_m4pro_arch17_cpu/raw_powermetrics/147_patch_mixer_small_repeat9.txt,147
depthwise_medium,depthwise_cnn,9,2026-05-23T23:09:20.593632+00:00,2026-05-23T23:09:52.183360+00:00,30.0,30.001373,1000,30,30,combined,15133,1.982513,8.9077,8.9077,8.4205,0.410883,0.0764,267.24323176,0.017659633,20,10.0,measured_energy_powermetrics_m4pro_arch17_cpu/raw_powermetrics/148_depthwise_medium_repeat9.txt,148
cnn_medium_6conv,plain_cnn,9,2026-05-23T23:10:02.271453+00:00,2026-05-23T23:10:33.829414+00:00,30.0,30.000394,1000,30,30,combined,11836,2.534673,8.908267,8.908267,8.3636,0.4931,0.051467,267.251506516,0.022579546,20,10.0,measured_energy_powermetrics_m4pro_arch17_cpu/raw_powermetrics/149_cnn_medium_6conv_repeat9.txt,149
attention_gate_cnn,attention_cnn,9,2026-05-23T23:10:43.913024+00:00,2026-05-23T23:11:15.497602+00:00,30.0,30.001145,1000,30,30,combined,12181,2.462946,8.7515,8.7515,8.2816,0.417567,0.052367,262.55501828,0.021554472,20,10.0,measured_energy_powermetrics_m4pro_arch17_cpu/raw_powermetrics/150_attention_gate_cnn_repeat9.txt,150
inverted_residual_small,inverted_residual,9,2026-05-23T23:11:25.600908+00:00,2026-05-23T23:11:57.122352+00:00,30.0,30.002969,1000,30,30,combined,8825,3.39977,8.910467,8.910467,8.640133,0.2569,0.013533,267.340456655,0.030293536,20,10.0,measured_energy_powermetrics_m4pro_arch17_cpu/raw_powermetrics/151_inverted_residual_small_repeat9.txt,151
residual_cnn_small,residual_cnn,9,2026-05-23T23:12:07.231506+00:00,2026-05-23T23:12:38.785765+00:00,30.0,30.003138,1000,30,30,combined,8585,3.494833,6.044967,6.044967,5.970933,0.074217,0.0,181.367972128,0.021126147,20,10.0,measured_energy_powermetrics_m4pro_arch17_cpu/raw_powermetrics/152_residual_cnn_small_repeat9.txt,152
residual_cnn_medium,residual_cnn,9,2026-05-23T23:12:48.962723+00:00,2026-05-23T23:13:20.505123+00:00,30.0,30.001775,1000,30,30,combined,4498,6.670026,7.8291,7.8291,7.646433,0.182083,0.0007,234.886900567,0.052220298,20,10.0,measured_energy_powermetrics_m4pro_arch17_cpu/raw_powermetrics/153_residual_cnn_medium_repeat9.txt,153
patch_mixer_medium,mixer,10,2026-05-23T23:13:30.551324+00:00,2026-05-23T23:14:02.126738+00:00,30.0,30.000142,1000,30,30,combined,41457,0.723645,6.382567,6.382567,6.321033,0.061633,0.0,191.477907122,0.004618711,20,10.0,measured_energy_powermetrics_m4pro_arch17_cpu/raw_powermetrics/154_patch_mixer_medium_repeat10.txt,154
squeeze_expand_cnn,squeeze_cnn,10,2026-05-23T23:14:12.235693+00:00,2026-05-23T23:14:43.755828+00:00,30.0,30.001502,1000,30,30,combined,9837,3.049863,5.713133,5.713133,5.695433,0.018017,0.0,171.402583749,0.017424274,20,10.0,measured_energy_powermetrics_m4pro_arch17_cpu/raw_powermetrics/155_squeeze_expand_cnn_repeat10.txt,155
inverted_residual_small,inverted_residual,10,2026-05-23T23:14:53.863238+00:00,2026-05-23T23:15:25.371909+00:00,30.0,30.001653,1000,30,30,combined,9203,3.259986,6.1497,6.1497,6.131833,0.018133,0.0,184.501166223,0.020047937,20,10.0,measured_energy_powermetrics_m4pro_arch17_cpu/raw_powermetrics/156_inverted_residual_small_repeat10.txt,156
attention_gate_cnn,attention_cnn,10,2026-05-23T23:15:35.463346+00:00,2026-05-23T23:16:06.989527+00:00,30.0,30.002376,1000,30,30,combined,12763,2.350731,6.034,6.034,5.962633,0.06685,0.004733,181.034335028,0.014184309,20,10.0,measured_energy_powermetrics_m4pro_arch17_cpu/raw_powermetrics/157_attention_gate_cnn_repeat10.txt,157
global_avg_mlp_tiny,mlp,10,2026-05-23T23:16:17.009579+00:00,2026-05-23T23:16:48.776493+00:00,30.0,30.000018,1000,30,30,combined,1457787,0.020579,5.0755,5.0755,5.051167,0.019683,0.0051,152.265093897,0.000104449,20,10.0,measured_energy_powermetrics_m4pro_arch17_cpu/raw_powermetrics/158_global_avg_mlp_tiny_repeat10.txt,158
cnn_small_4conv,plain_cnn,10,2026-05-23T23:16:58.843929+00:00,2026-05-23T23:17:30.345616+00:00,30.0,30.000899,1000,30,30,combined,23603,1.271063,5.906333,5.906333,5.887533,0.0187,0.0006,177.195307089,0.007507321,20,10.0,measured_energy_powermetrics_m4pro_arch17_cpu/raw_powermetrics/159_cnn_small_4conv_repeat10.txt,159
inverted_residual_wide,inverted_residual,10,2026-05-23T23:17:40.526315+00:00,2026-05-23T23:18:12.054749+00:00,30.0,30.005597,1000,30,30,combined,4505,6.66051,6.128867,6.128867,6.111567,0.0176,0.0,183.900305314,0.040821377,20,10.0,measured_energy_powermetrics_m4pro_arch17_cpu/raw_powermetrics/160_inverted_residual_wide_repeat10.txt,160
depthwise_medium,depthwise_cnn,10,2026-05-23T23:18:22.131166+00:00,2026-05-23T23:18:53.707826+00:00,30.0,30.001388,1000,30,30,combined,15938,1.882381,6.628067,6.628067,6.5475,0.076133,0.0047,198.851202792,0.012476547,20,10.0,measured_energy_powermetrics_m4pro_arch17_cpu/raw_powermetrics/161_depthwise_medium_repeat10.txt,161
patch_mixer_small,mixer,10,2026-05-23T23:19:03.739744+00:00,2026-05-23T23:19:35.319951+00:00,30.0,30.00003,1000,30,30,combined,68735,0.436459,6.874667,6.874667,6.564667,0.225217,0.085,206.24020481,0.003000512,20,10.0,measured_energy_powermetrics_m4pro_arch17_cpu/raw_powermetrics/162_patch_mixer_small_repeat10.txt,162
residual_cnn_small,residual_cnn,10,2026-05-23T23:19:45.432371+00:00,2026-05-23T23:20:16.966564+00:00,30.0,30.002753,1000,30,30,combined,8828,3.39859,5.7155,5.7155,5.6973,0.017767,0.0006,171.480735246,0.019424642,20,10.0,measured_energy_powermetrics_m4pro_arch17_cpu/raw_powermetrics/163_residual_cnn_small_repeat10.txt,163
depthwise_small,depthwise_cnn,10,2026-05-23T23:20:27.033195+00:00,2026-05-23T23:20:58.627507+00:00,30.0,30.000031,1000,30,30,combined,23579,1.27232,5.7184,5.7184,5.652867,0.02245,0.0433,171.552179889,0.007275634,20,10.0,measured_energy_powermetrics_m4pro_arch17_cpu/raw_powermetrics/164_depthwise_small_repeat10.txt,164
cnn_medium_6conv,plain_cnn,10,2026-05-23T23:21:08.720524+00:00,2026-05-23T23:21:40.222892+00:00,30.0,30.002017,1000,30,30,combined,12647,2.372264,5.762367,5.762367,5.742433,0.02,0.000233,172.882625338,0.013669853,20,10.0,measured_energy_powermetrics_m4pro_arch17_cpu/raw_powermetrics/165_cnn_medium_6conv_repeat10.txt,165
cnn_tiny_2conv,plain_cnn,10,2026-05-23T23:21:50.274760+00:00,2026-05-23T23:22:21.772029+00:00,30.0,30.000194,1000,30,30,combined,39287,0.763616,6.054367,6.054367,6.037367,0.017283,0.0,181.632174547,0.004623213,20,10.0,measured_energy_powermetrics_m4pro_arch17_cpu/raw_powermetrics/166_cnn_tiny_2conv_repeat10.txt,166
bottleneck_residual,bottleneck_cnn,10,2026-05-23T23:22:31.884617+00:00,2026-05-23T23:23:03.398618+00:00,30.0,30.002085,1000,30,30,combined,8762,3.424114,5.9309,5.9309,5.914233,0.01695,0.0,177.939365927,0.020308076,20,10.0,measured_energy_powermetrics_m4pro_arch17_cpu/raw_powermetrics/167_bottleneck_residual_repeat10.txt,167
convnext_micro,convnext_like,10,2026-05-23T23:23:13.580586+00:00,2026-05-23T23:23:45.168337+00:00,30.0,30.001551,1000,30,30,combined,4324,6.938379,6.878167,6.878167,6.7069,0.154533,0.0167,206.355665175,0.047723327,20,10.0,measured_energy_powermetrics_m4pro_arch17_cpu/raw_powermetrics/168_convnext_micro_repeat10.txt,168
residual_cnn_medium,residual_cnn,10,2026-05-23T23:23:55.344562+00:00,2026-05-23T23:24:26.888882+00:00,30.0,30.004342,1000,30,30,combined,4699,6.385261,7.3121,7.3121,6.908767,0.40355,0.0,219.394750052,0.046689668,20,10.0,measured_energy_powermetrics_m4pro_arch17_cpu/raw_powermetrics/169_residual_cnn_medium_repeat10.txt,169
grouped_conv_cnn,grouped_cnn,10,2026-05-23T23:24:36.968134+00:00,2026-05-23T23:25:08.501338+00:00,30.0,30.000041,1000,30,30,combined,17275,1.736616,6.342633,6.342633,5.927167,0.415617,0.0,190.279261367,0.011014718,20,10.0,measured_energy_powermetrics_m4pro_arch17_cpu/raw_powermetrics/170_grouped_conv_cnn_repeat10.txt,170
